-- phpMyAdmin SQL Dump
-- version 5.2.1deb3
-- https://www.phpmyadmin.net/
--
-- Host: localhost:3306
-- Generation Time: Mar 09, 2026 at 02:43 PM
-- Server version: 8.0.45-0ubuntu0.24.04.1
-- PHP Version: 8.3.6

SET SQL_MODE = "NO_AUTO_VALUE_ON_ZERO";
START TRANSACTION;
SET time_zone = "+00:00";


/*!40101 SET @OLD_CHARACTER_SET_CLIENT=@@CHARACTER_SET_CLIENT */;
/*!40101 SET @OLD_CHARACTER_SET_RESULTS=@@CHARACTER_SET_RESULTS */;
/*!40101 SET @OLD_COLLATION_CONNECTION=@@COLLATION_CONNECTION */;
/*!40101 SET NAMES utf8mb4 */;

--
-- Database: `5cs024`
--

-- --------------------------------------------------------

--
-- Table structure for table `attendance_records`
--

CREATE TABLE `attendance_records` (
  `attendance_id` int NOT NULL,
  `user_id` int NOT NULL,
  `source_type` varchar(50) NOT NULL,
  `source_id` int NOT NULL,
  `week` datetime NOT NULL DEFAULT CURRENT_TIMESTAMP,
  `attendance_status` tinyint NOT NULL DEFAULT '0'
) ENGINE=InnoDB DEFAULT CHARSET=utf8mb4 COLLATE=utf8mb4_0900_ai_ci;

--
-- Dumping data for table `attendance_records`
--

INSERT INTO `attendance_records` (`attendance_id`, `user_id`, `source_type`, `source_id`, `week`, `attendance_status`) VALUES
(1, 1, 'lesson', 1, '2026-01-01 09:00:00', 1),
(2, 2, 'lesson', 1, '2026-01-01 09:00:00', 1),
(3, 3, 'lesson', 1, '2026-01-01 09:00:00', 1),
(4, 4, 'lesson', 1, '2026-01-01 09:00:00', 1),
(5, 5, 'lesson', 1, '2026-01-01 09:00:00', 1),
(6, 6, 'lesson', 1, '2026-01-01 09:00:00', 1),
(7, 1, 'lesson', 1, '2026-01-01 09:00:00', 1),
(8, 2, 'lesson', 1, '2026-01-01 09:00:00', 1),
(9, 3, 'lesson', 1, '2026-01-01 09:00:00', 1),
(10, 1, 'lesson', 1, '2026-01-01 09:00:00', 1),
(11, 2, 'lesson', 1, '2026-01-01 09:00:00', 1),
(12, 3, 'lesson', 1, '2026-01-01 09:00:00', 1),
(13, 4, 'lesson', 1, '2026-01-01 09:00:00', 1),
(14, 5, 'lesson', 1, '2026-01-01 09:00:00', 1),
(15, 6, 'lesson', 1, '2026-01-01 09:00:00', 1),
(16, 1, 'lesson', 1, '2026-01-01 09:00:00', 1),
(17, 2, 'lesson', 1, '2026-01-01 09:00:00', 1),
(18, 3, 'lesson', 1, '2026-01-01 09:00:00', 1),
(19, 4, 'lesson', 1, '2026-01-01 09:00:00', 1),
(20, 5, 'lesson', 1, '2026-01-01 09:00:00', 1),
(21, 6, 'lesson', 1, '2026-01-01 09:00:00', 1),
(22, 4, 'lesson', 1, '2026-01-01 09:00:00', 1),
(23, 5, 'lesson', 1, '2026-01-01 09:00:00', 1),
(24, 6, 'lesson', 1, '2026-01-01 09:00:00', 1),
(25, 6, 'lesson', 1, '2026-01-01 09:00:00', 1),
(26, 1, 'lesson', 1, '2026-01-01 09:00:00', 1),
(27, 2, 'lesson', 1, '2026-01-01 09:00:00', 1),
(28, 1, 'lesson', 1, '2026-01-01 09:00:00', 1),
(29, 2, 'lesson', 1, '2026-01-01 09:00:00', 1),
(30, 3, 'lesson', 1, '2026-01-01 09:00:00', 1),
(31, 4, 'lesson', 1, '2026-01-01 09:00:00', 1),
(32, 5, 'lesson', 1, '2026-01-01 09:00:00', 1),
(33, 1, 'lesson', 1, '2026-01-01 09:00:00', 1),
(34, 2, 'lesson', 1, '2026-01-01 09:00:00', 1),
(35, 3, 'lesson', 1, '2026-01-01 09:00:00', 1),
(36, 4, 'lesson', 1, '2026-01-01 09:00:00', 1),
(37, 5, 'lesson', 1, '2026-01-01 09:00:00', 1),
(38, 6, 'lesson', 1, '2026-01-01 09:00:00', 1),
(39, 3, 'lesson', 1, '2026-01-01 09:00:00', 1),
(40, 4, 'lesson', 1, '2026-01-01 09:00:00', 1),
(41, 5, 'lesson', 1, '2026-01-01 09:00:00', 1),
(42, 6, 'lesson', 1, '2026-01-01 09:00:00', 1),
(43, 1, 'lesson', 1, '2026-01-01 09:00:00', 1),
(44, 2, 'lesson', 1, '2026-01-01 09:00:00', 1),
(45, 3, 'lesson', 1, '2026-01-01 09:00:00', 1),
(46, 4, 'lesson', 1, '2026-01-01 09:00:00', 1),
(47, 5, 'lesson', 1, '2026-01-01 09:00:00', 1),
(48, 6, 'lesson', 1, '2026-01-01 09:00:00', 1),
(49, 1, 'lesson', 1, '2026-01-01 09:00:00', 1),
(50, 1, 'lesson', 1, '2026-01-01 09:00:00', 1),
(51, 1, 'lesson', 1, '2026-01-01 09:00:00', 1),
(52, 1, 'lesson', 1, '2026-01-01 09:00:00', 1),
(53, 1, 'lesson', 1, '2026-01-01 09:00:00', 1),
(54, 2, 'lesson', 1, '2026-01-01 09:00:00', 1),
(55, 3, 'lesson', 1, '2026-01-01 09:00:00', 1),
(56, 4, 'lesson', 1, '2026-01-01 09:00:00', 1),
(57, 5, 'lesson', 1, '2026-01-01 09:00:00', 1),
(58, 6, 'lesson', 1, '2026-01-01 09:00:00', 1),
(59, 1, 'lesson', 1, '2026-01-01 09:00:00', 1),
(60, 2, 'lesson', 1, '2026-01-01 09:00:00', 1),
(61, 3, 'lesson', 1, '2026-01-01 09:00:00', 1),
(62, 1, 'lesson', 1, '2026-01-01 09:00:00', 1),
(63, 2, 'lesson', 1, '2026-01-01 09:00:00', 1),
(64, 3, 'lesson', 1, '2026-01-01 09:00:00', 1),
(65, 4, 'lesson', 1, '2026-01-01 09:00:00', 1),
(66, 5, 'lesson', 1, '2026-01-01 09:00:00', 1),
(67, 6, 'lesson', 1, '2026-01-01 09:00:00', 1),
(68, 1, 'lesson', 1, '2026-01-01 09:00:00', 1),
(69, 2, 'lesson', 1, '2026-01-01 09:00:00', 1),
(70, 3, 'lesson', 1, '2026-01-01 09:00:00', 1),
(71, 4, 'lesson', 1, '2026-01-01 09:00:00', 1),
(72, 5, 'lesson', 1, '2026-01-01 09:00:00', 1),
(73, 6, 'lesson', 1, '2026-01-01 09:00:00', 1),
(74, 4, 'lesson', 1, '2026-01-01 09:00:00', 1),
(75, 5, 'lesson', 1, '2026-01-01 09:00:00', 1),
(76, 6, 'lesson', 1, '2026-01-01 09:00:00', 1),
(77, 6, 'lesson', 1, '2026-01-01 09:00:00', 1),
(78, 1, 'lesson', 1, '2026-01-01 09:00:00', 1),
(79, 2, 'lesson', 1, '2026-01-01 09:00:00', 1),
(80, 1, 'lesson', 1, '2026-01-01 09:00:00', 1),
(81, 2, 'lesson', 1, '2026-01-01 09:00:00', 1),
(82, 3, 'lesson', 1, '2026-01-01 09:00:00', 1),
(83, 4, 'lesson', 1, '2026-01-01 09:00:00', 1),
(84, 5, 'lesson', 1, '2026-01-01 09:00:00', 1),
(85, 1, 'lesson', 1, '2026-01-01 09:00:00', 1),
(86, 2, 'lesson', 1, '2026-01-01 09:00:00', 1),
(87, 3, 'lesson', 1, '2026-01-01 09:00:00', 1),
(88, 4, 'lesson', 1, '2026-01-01 09:00:00', 1),
(89, 5, 'lesson', 1, '2026-01-01 09:00:00', 1),
(90, 6, 'lesson', 1, '2026-01-01 09:00:00', 1),
(91, 3, 'lesson', 1, '2026-01-01 09:00:00', 1),
(92, 4, 'lesson', 1, '2026-01-01 09:00:00', 1),
(93, 5, 'lesson', 1, '2026-01-01 09:00:00', 1),
(94, 6, 'lesson', 1, '2026-01-01 09:00:00', 1),
(95, 1, 'lesson', 1, '2026-01-01 09:00:00', 1),
(96, 2, 'lesson', 1, '2026-01-01 09:00:00', 1),
(97, 3, 'lesson', 1, '2026-01-01 09:00:00', 1),
(98, 4, 'lesson', 1, '2026-01-01 09:00:00', 1),
(99, 5, 'lesson', 1, '2026-01-01 09:00:00', 1),
(100, 6, 'lesson', 1, '2026-01-01 09:00:00', 1),
(101, 1, 'lesson', 1, '2026-01-01 09:00:00', 1),
(102, 1, 'lesson', 1, '2026-01-01 09:00:00', 1),
(103, 1, 'lesson', 1, '2026-01-01 09:00:00', 1),
(104, 1, 'lesson', 1, '2026-01-01 09:00:00', 1),
(105, 1, 'lesson', 1, '2026-01-01 09:00:00', 1),
(106, 2, 'lesson', 1, '2026-01-01 09:00:00', 1),
(107, 3, 'lesson', 1, '2026-01-01 09:00:00', 1),
(108, 4, 'lesson', 1, '2026-01-01 09:00:00', 1),
(109, 5, 'lesson', 1, '2026-01-01 09:00:00', 1),
(110, 6, 'lesson', 1, '2026-01-01 09:00:00', 1),
(111, 1, 'lesson', 1, '2026-01-01 09:00:00', 1),
(112, 2, 'lesson', 1, '2026-01-01 09:00:00', 1),
(113, 3, 'lesson', 1, '2026-01-01 09:00:00', 1),
(114, 1, 'lesson', 1, '2026-01-01 09:00:00', 1),
(115, 2, 'lesson', 1, '2026-01-01 09:00:00', 1),
(116, 3, 'lesson', 1, '2026-01-01 09:00:00', 1),
(117, 4, 'lesson', 1, '2026-01-01 09:00:00', 1),
(118, 5, 'lesson', 1, '2026-01-01 09:00:00', 1),
(119, 6, 'lesson', 1, '2026-01-01 09:00:00', 1),
(120, 1, 'lesson', 1, '2026-01-01 09:00:00', 1),
(121, 2, 'lesson', 1, '2026-01-01 09:00:00', 1),
(122, 3, 'lesson', 1, '2026-01-01 09:00:00', 1),
(123, 4, 'lesson', 1, '2026-01-01 09:00:00', 1),
(124, 5, 'lesson', 1, '2026-01-01 09:00:00', 1),
(125, 6, 'lesson', 1, '2026-01-01 09:00:00', 1),
(126, 4, 'lesson', 1, '2026-01-01 09:00:00', 1),
(127, 5, 'lesson', 1, '2026-01-01 09:00:00', 1),
(128, 6, 'lesson', 1, '2026-01-01 09:00:00', 1),
(129, 6, 'lesson', 1, '2026-01-01 09:00:00', 1),
(130, 1, 'lesson', 1, '2026-01-01 09:00:00', 1),
(131, 2, 'lesson', 1, '2026-01-01 09:00:00', 1),
(132, 1, 'lesson', 1, '2026-01-01 09:00:00', 1),
(133, 2, 'lesson', 1, '2026-01-01 09:00:00', 1),
(134, 3, 'lesson', 1, '2026-01-01 09:00:00', 1),
(135, 4, 'lesson', 1, '2026-01-01 09:00:00', 1),
(136, 5, 'lesson', 1, '2026-01-01 09:00:00', 1),
(137, 1, 'lesson', 1, '2026-01-01 09:00:00', 1),
(138, 2, 'lesson', 1, '2026-01-01 09:00:00', 1),
(139, 3, 'lesson', 1, '2026-01-01 09:00:00', 1),
(140, 4, 'lesson', 1, '2026-01-01 09:00:00', 1),
(141, 5, 'lesson', 1, '2026-01-01 09:00:00', 1),
(142, 6, 'lesson', 1, '2026-01-01 09:00:00', 1),
(143, 3, 'lesson', 1, '2026-01-01 09:00:00', 1),
(144, 4, 'lesson', 1, '2026-01-01 09:00:00', 1),
(145, 5, 'lesson', 1, '2026-01-01 09:00:00', 1),
(146, 6, 'lesson', 1, '2026-01-01 09:00:00', 1),
(147, 1, 'lesson', 1, '2026-01-01 09:00:00', 1),
(148, 2, 'lesson', 1, '2026-01-01 09:00:00', 1),
(149, 3, 'lesson', 1, '2026-01-01 09:00:00', 1),
(150, 4, 'lesson', 1, '2026-01-01 09:00:00', 1),
(151, 5, 'lesson', 1, '2026-01-01 09:00:00', 1),
(152, 6, 'lesson', 1, '2026-01-01 09:00:00', 1),
(153, 1, 'lesson', 1, '2026-01-01 09:00:00', 1),
(154, 1, 'lesson', 1, '2026-01-01 09:00:00', 1),
(155, 1, 'lesson', 1, '2026-01-01 09:00:00', 1),
(156, 1, 'lesson', 1, '2026-01-01 09:00:00', 1),
(157, 1, 'lesson', 1, '2026-01-01 09:00:00', 1),
(158, 2, 'lesson', 1, '2026-01-01 09:00:00', 1),
(159, 3, 'lesson', 1, '2026-01-01 09:00:00', 1),
(160, 4, 'lesson', 1, '2026-01-01 09:00:00', 1),
(161, 5, 'lesson', 1, '2026-01-01 09:00:00', 1),
(162, 6, 'lesson', 1, '2026-01-01 09:00:00', 1),
(163, 1, 'lesson', 1, '2026-01-01 09:00:00', 1),
(164, 2, 'lesson', 1, '2026-01-01 09:00:00', 1),
(165, 3, 'lesson', 1, '2026-01-01 09:00:00', 1),
(166, 1, 'lesson', 1, '2026-01-01 09:00:00', 1),
(167, 2, 'lesson', 1, '2026-01-01 09:00:00', 1),
(168, 3, 'lesson', 1, '2026-01-01 09:00:00', 1),
(169, 4, 'lesson', 1, '2026-01-01 09:00:00', 1),
(170, 5, 'lesson', 1, '2026-01-01 09:00:00', 1),
(171, 6, 'lesson', 1, '2026-01-01 09:00:00', 1),
(172, 1, 'lesson', 1, '2026-01-01 09:00:00', 1),
(173, 2, 'lesson', 1, '2026-01-01 09:00:00', 1),
(174, 3, 'lesson', 1, '2026-01-01 09:00:00', 1),
(175, 4, 'lesson', 1, '2026-01-01 09:00:00', 1),
(176, 5, 'lesson', 1, '2026-01-01 09:00:00', 1),
(177, 6, 'lesson', 1, '2026-01-01 09:00:00', 1),
(178, 4, 'lesson', 1, '2026-01-01 09:00:00', 1),
(179, 5, 'lesson', 1, '2026-01-01 09:00:00', 1),
(180, 6, 'lesson', 1, '2026-01-01 09:00:00', 1),
(181, 6, 'lesson', 1, '2026-01-01 09:00:00', 1),
(182, 1, 'lesson', 1, '2026-01-01 09:00:00', 1),
(183, 2, 'lesson', 1, '2026-01-01 09:00:00', 1),
(184, 1, 'lesson', 1, '2026-01-01 09:00:00', 1),
(185, 2, 'lesson', 1, '2026-01-01 09:00:00', 1),
(186, 3, 'lesson', 1, '2026-01-01 09:00:00', 1),
(187, 4, 'lesson', 1, '2026-01-01 09:00:00', 1),
(188, 5, 'lesson', 1, '2026-01-01 09:00:00', 1),
(189, 1, 'lesson', 1, '2026-01-01 09:00:00', 1),
(190, 2, 'lesson', 1, '2026-01-01 09:00:00', 1),
(191, 3, 'lesson', 1, '2026-01-01 09:00:00', 1),
(192, 4, 'lesson', 1, '2026-01-01 09:00:00', 1),
(193, 5, 'lesson', 1, '2026-01-01 09:00:00', 1),
(194, 6, 'lesson', 1, '2026-01-01 09:00:00', 1),
(195, 3, 'lesson', 1, '2026-01-01 09:00:00', 1),
(196, 4, 'lesson', 1, '2026-01-01 09:00:00', 1),
(197, 5, 'lesson', 1, '2026-01-01 09:00:00', 1),
(198, 6, 'lesson', 1, '2026-01-01 09:00:00', 1),
(199, 1, 'lesson', 1, '2026-01-01 09:00:00', 1),
(200, 2, 'lesson', 1, '2026-01-01 09:00:00', 1),
(201, 3, 'lesson', 1, '2026-01-01 09:00:00', 1),
(202, 4, 'lesson', 1, '2026-01-01 09:00:00', 1),
(203, 5, 'lesson', 1, '2026-01-01 09:00:00', 1),
(204, 6, 'lesson', 1, '2026-01-01 09:00:00', 1),
(205, 1, 'lesson', 1, '2026-01-01 09:00:00', 1),
(206, 1, 'lesson', 1, '2026-01-01 09:00:00', 1),
(207, 1, 'lesson', 1, '2026-01-01 09:00:00', 1),
(208, 1, 'lesson', 1, '2026-01-01 09:00:00', 1),
(209, 1, 'lesson', 1, '2026-01-01 09:00:00', 1),
(210, 2, 'lesson', 1, '2026-01-01 09:00:00', 0),
(211, 3, 'lesson', 1, '2026-01-01 09:00:00', 1),
(212, 4, 'lesson', 1, '2026-01-01 09:00:00', 1),
(213, 5, 'lesson', 1, '2026-01-01 09:00:00', 0),
(214, 6, 'lesson', 1, '2026-01-01 09:00:00', 1),
(215, 1, 'lesson', 2, '2026-01-01 10:00:00', 0),
(216, 2, 'lesson', 2, '2026-01-01 10:00:00', 1),
(217, 3, 'lesson', 2, '2026-01-01 10:00:00', 0),
(218, 4, 'lesson', 2, '2026-01-01 10:00:00', 1),
(219, 5, 'lesson', 2, '2026-01-01 10:00:00', 1),
(220, 6, 'lesson', 2, '2026-01-01 10:00:00', 0),
(221, 1, 'lesson', 3, '2026-01-01 11:00:00', 1),
(222, 2, 'lesson', 3, '2026-01-01 11:00:00', 1),
(223, 3, 'lesson', 3, '2026-01-01 11:00:00', 1),
(224, 4, 'lesson', 3, '2026-01-01 11:00:00', 0),
(225, 5, 'lesson', 3, '2026-01-01 11:00:00', 1),
(226, 6, 'lesson', 3, '2026-01-01 11:00:00', 1),
(227, 1, 'lesson', 4, '2026-01-01 12:00:00', 0),
(228, 2, 'lesson', 4, '2026-01-01 12:00:00', 0),
(229, 3, 'lesson', 4, '2026-01-01 12:00:00', 1),
(230, 4, 'lesson', 4, '2026-01-01 12:00:00', 1),
(231, 5, 'lesson', 4, '2026-01-01 12:00:00', 0),
(232, 6, 'lesson', 4, '2026-01-01 12:00:00', 1),
(233, 1, 'lesson', 5, '2026-01-01 13:00:00', 1),
(234, 2, 'lesson', 5, '2026-01-01 13:00:00', 1),
(235, 3, 'lesson', 5, '2026-01-01 13:00:00', 0),
(236, 4, 'lesson', 5, '2026-01-01 13:00:00', 1),
(237, 5, 'lesson', 5, '2026-01-01 13:00:00', 1),
(238, 6, 'lesson', 5, '2026-01-01 13:00:00', 0),
(239, 1, 'lesson', 1, '2026-01-08 09:00:00', 0),
(240, 2, 'lesson', 1, '2026-01-08 09:00:00', 1),
(241, 3, 'lesson', 1, '2026-01-08 09:00:00', 1),
(242, 4, 'lesson', 1, '2026-01-08 09:00:00', 0),
(243, 5, 'lesson', 1, '2026-01-08 09:00:00', 1),
(244, 6, 'lesson', 1, '2026-01-08 09:00:00', 1),
(245, 1, 'lesson', 2, '2026-01-08 10:00:00', 1),
(246, 2, 'lesson', 2, '2026-01-08 10:00:00', 0),
(247, 3, 'lesson', 2, '2026-01-08 10:00:00', 1),
(248, 4, 'lesson', 2, '2026-01-08 10:00:00', 1),
(249, 5, 'lesson', 2, '2026-01-08 10:00:00', 0),
(250, 6, 'lesson', 2, '2026-01-08 10:00:00', 1),
(251, 1, 'lesson', 3, '2026-01-08 11:00:00', 0),
(252, 2, 'lesson', 3, '2026-01-08 11:00:00', 0),
(253, 3, 'lesson', 3, '2026-01-08 11:00:00', 1),
(254, 4, 'lesson', 3, '2026-01-08 11:00:00', 1),
(255, 5, 'lesson', 3, '2026-01-08 11:00:00', 1),
(256, 6, 'lesson', 3, '2026-01-08 11:00:00', 0),
(257, 1, 'lesson', 4, '2026-01-08 12:00:00', 1),
(258, 2, 'lesson', 4, '2026-01-08 12:00:00', 1),
(259, 3, 'lesson', 4, '2026-01-08 12:00:00', 0),
(260, 4, 'lesson', 4, '2026-01-08 12:00:00', 1),
(261, 5, 'lesson', 4, '2026-01-08 12:00:00', 0),
(262, 6, 'lesson', 4, '2026-01-08 12:00:00', 1),
(263, 1, 'lesson', 5, '2026-01-08 13:00:00', 0),
(264, 2, 'lesson', 5, '2026-01-08 13:00:00', 1),
(265, 3, 'lesson', 5, '2026-01-08 13:00:00', 1),
(266, 4, 'lesson', 5, '2026-01-08 13:00:00', 0),
(267, 5, 'lesson', 5, '2026-01-08 13:00:00', 1),
(268, 6, 'lesson', 5, '2026-01-08 13:00:00', 0),
(269, 1, 'lesson', 1, '2026-01-15 09:00:00', 1),
(270, 2, 'lesson', 1, '2026-01-15 09:00:00', 0),
(271, 3, 'lesson', 1, '2026-01-15 09:00:00', 1),
(272, 4, 'lesson', 1, '2026-01-15 09:00:00', 1),
(273, 5, 'lesson', 1, '2026-01-15 09:00:00', 1),
(274, 6, 'lesson', 1, '2026-01-15 09:00:00', 0),
(275, 1, 'lesson', 2, '2026-01-15 10:00:00', 0),
(276, 2, 'lesson', 2, '2026-01-15 10:00:00', 1),
(277, 3, 'lesson', 2, '2026-01-15 10:00:00', 0),
(278, 4, 'lesson', 2, '2026-01-15 10:00:00', 1),
(279, 5, 'lesson', 2, '2026-01-15 10:00:00', 1),
(280, 6, 'lesson', 2, '2026-01-15 10:00:00', 1),
(281, 1, 'lesson', 3, '2026-01-15 11:00:00', 1),
(282, 2, 'lesson', 3, '2026-01-15 11:00:00', 0),
(283, 3, 'lesson', 3, '2026-01-15 11:00:00', 1),
(284, 4, 'lesson', 3, '2026-01-15 11:00:00', 0),
(285, 5, 'lesson', 3, '2026-01-15 11:00:00', 1),
(286, 6, 'lesson', 3, '2026-01-15 11:00:00', 1),
(287, 1, 'lesson', 4, '2026-01-15 12:00:00', 0),
(288, 2, 'lesson', 4, '2026-01-15 12:00:00', 1),
(289, 3, 'lesson', 4, '2026-01-15 12:00:00', 1),
(290, 4, 'lesson', 4, '2026-01-15 12:00:00', 1),
(291, 5, 'lesson', 4, '2026-01-15 12:00:00', 0),
(292, 6, 'lesson', 4, '2026-01-15 12:00:00', 1),
(293, 1, 'lesson', 5, '2026-01-15 13:00:00', 1),
(294, 2, 'lesson', 5, '2026-01-15 13:00:00', 1),
(295, 3, 'lesson', 5, '2026-01-15 13:00:00', 0),
(296, 4, 'lesson', 5, '2026-01-15 13:00:00', 1),
(297, 5, 'lesson', 5, '2026-01-15 13:00:00', 1),
(298, 6, 'lesson', 5, '2026-01-15 13:00:00', 0),
(299, 1, 'lesson', 1, '2026-01-22 09:00:00', 0),
(300, 2, 'lesson', 1, '2026-01-22 09:00:00', 1),
(301, 3, 'lesson', 1, '2026-01-22 09:00:00', 1),
(302, 4, 'lesson', 1, '2026-01-22 09:00:00', 0),
(303, 5, 'lesson', 1, '2026-01-22 09:00:00', 1),
(304, 6, 'lesson', 1, '2026-01-22 09:00:00', 1),
(305, 1, 'lesson', 2, '2026-01-22 10:00:00', 1),
(306, 2, 'lesson', 2, '2026-01-22 10:00:00', 0),
(307, 3, 'lesson', 2, '2026-01-22 10:00:00', 1),
(308, 4, 'lesson', 2, '2026-01-22 10:00:00', 1),
(309, 5, 'lesson', 2, '2026-01-22 10:00:00', 0),
(310, 6, 'lesson', 2, '2026-01-22 10:00:00', 1),
(311, 1, 'lesson', 3, '2026-01-22 11:00:00', 0),
(312, 2, 'lesson', 3, '2026-01-22 11:00:00', 1),
(313, 3, 'lesson', 3, '2026-01-22 11:00:00', 0),
(314, 4, 'lesson', 3, '2026-01-22 11:00:00', 1),
(315, 5, 'lesson', 3, '2026-01-22 11:00:00', 1),
(316, 6, 'lesson', 3, '2026-01-22 11:00:00', 1),
(317, 1, 'lesson', 4, '2026-01-22 12:00:00', 1),
(318, 2, 'lesson', 4, '2026-01-22 12:00:00', 0),
(319, 3, 'lesson', 4, '2026-01-22 12:00:00', 1),
(320, 4, 'lesson', 4, '2026-01-22 12:00:00', 0),
(321, 5, 'lesson', 4, '2026-01-22 12:00:00', 1),
(322, 6, 'lesson', 4, '2026-01-22 12:00:00', 1),
(323, 1, 'lesson', 5, '2026-01-22 13:00:00', 0),
(324, 2, 'lesson', 5, '2026-01-22 13:00:00', 1),
(325, 3, 'lesson', 5, '2026-01-22 13:00:00', 1),
(326, 4, 'lesson', 5, '2026-01-22 13:00:00', 0),
(327, 5, 'lesson', 5, '2026-01-22 13:00:00', 1),
(328, 6, 'lesson', 5, '2026-01-22 13:00:00', 1),
(329, 1, 'lesson', 1, '2026-01-01 09:00:00', 1),
(330, 2, 'lesson', 1, '2026-01-01 09:00:00', 0),
(331, 3, 'lesson', 1, '2026-01-01 09:00:00', 1),
(332, 4, 'lesson', 1, '2026-01-01 09:00:00', 1),
(333, 5, 'lesson', 1, '2026-01-01 09:00:00', 0),
(334, 6, 'lesson', 1, '2026-01-01 09:00:00', 1),
(335, 1, 'lesson', 2, '2026-01-01 10:00:00', 0),
(336, 2, 'lesson', 2, '2026-01-01 10:00:00', 1),
(337, 3, 'lesson', 2, '2026-01-01 10:00:00', 0),
(338, 4, 'lesson', 2, '2026-01-01 10:00:00', 1),
(339, 5, 'lesson', 2, '2026-01-01 10:00:00', 1),
(340, 6, 'lesson', 2, '2026-01-01 10:00:00', 0),
(341, 1, 'lesson', 3, '2026-01-01 11:00:00', 1),
(342, 2, 'lesson', 3, '2026-01-01 11:00:00', 1),
(343, 3, 'lesson', 3, '2026-01-01 11:00:00', 1),
(344, 4, 'lesson', 3, '2026-01-01 11:00:00', 0),
(345, 5, 'lesson', 3, '2026-01-01 11:00:00', 1),
(346, 6, 'lesson', 3, '2026-01-01 11:00:00', 1),
(347, 1, 'lesson', 4, '2026-01-01 12:00:00', 0),
(348, 2, 'lesson', 4, '2026-01-01 12:00:00', 0),
(349, 3, 'lesson', 4, '2026-01-01 12:00:00', 1),
(350, 4, 'lesson', 4, '2026-01-01 12:00:00', 1),
(351, 5, 'lesson', 4, '2026-01-01 12:00:00', 0),
(352, 6, 'lesson', 4, '2026-01-01 12:00:00', 1),
(353, 1, 'lesson', 5, '2026-01-01 13:00:00', 1),
(354, 2, 'lesson', 5, '2026-01-01 13:00:00', 1),
(355, 3, 'lesson', 5, '2026-01-01 13:00:00', 0),
(356, 4, 'lesson', 5, '2026-01-01 13:00:00', 1),
(357, 5, 'lesson', 5, '2026-01-01 13:00:00', 1),
(358, 6, 'lesson', 5, '2026-01-01 13:00:00', 0),
(359, 1, 'lesson', 1, '2026-01-08 09:00:00', 0),
(360, 2, 'lesson', 1, '2026-01-08 09:00:00', 1),
(361, 3, 'lesson', 1, '2026-01-08 09:00:00', 1),
(362, 4, 'lesson', 1, '2026-01-08 09:00:00', 0),
(363, 5, 'lesson', 1, '2026-01-08 09:00:00', 1),
(364, 6, 'lesson', 1, '2026-01-08 09:00:00', 1),
(365, 1, 'lesson', 2, '2026-01-08 10:00:00', 1),
(366, 2, 'lesson', 2, '2026-01-08 10:00:00', 0),
(367, 3, 'lesson', 2, '2026-01-08 10:00:00', 1),
(368, 4, 'lesson', 2, '2026-01-08 10:00:00', 1),
(369, 5, 'lesson', 2, '2026-01-08 10:00:00', 0),
(370, 6, 'lesson', 2, '2026-01-08 10:00:00', 1),
(371, 1, 'lesson', 3, '2026-01-08 11:00:00', 0),
(372, 2, 'lesson', 3, '2026-01-08 11:00:00', 0),
(373, 3, 'lesson', 3, '2026-01-08 11:00:00', 1),
(374, 4, 'lesson', 3, '2026-01-08 11:00:00', 1),
(375, 5, 'lesson', 3, '2026-01-08 11:00:00', 1),
(376, 6, 'lesson', 3, '2026-01-08 11:00:00', 0),
(377, 1, 'lesson', 4, '2026-01-08 12:00:00', 1),
(378, 2, 'lesson', 4, '2026-01-08 12:00:00', 1),
(379, 3, 'lesson', 4, '2026-01-08 12:00:00', 0),
(380, 4, 'lesson', 4, '2026-01-08 12:00:00', 1),
(381, 5, 'lesson', 4, '2026-01-08 12:00:00', 0),
(382, 6, 'lesson', 4, '2026-01-08 12:00:00', 1),
(383, 1, 'lesson', 5, '2026-01-08 13:00:00', 0),
(384, 2, 'lesson', 5, '2026-01-08 13:00:00', 1),
(385, 3, 'lesson', 5, '2026-01-08 13:00:00', 1),
(386, 4, 'lesson', 5, '2026-01-08 13:00:00', 0),
(387, 5, 'lesson', 5, '2026-01-08 13:00:00', 1),
(388, 6, 'lesson', 5, '2026-01-08 13:00:00', 0),
(389, 1, 'lesson', 1, '2026-01-15 09:00:00', 1),
(390, 2, 'lesson', 1, '2026-01-15 09:00:00', 0),
(391, 3, 'lesson', 1, '2026-01-15 09:00:00', 1),
(392, 4, 'lesson', 1, '2026-01-15 09:00:00', 1),
(393, 5, 'lesson', 1, '2026-01-15 09:00:00', 1),
(394, 6, 'lesson', 1, '2026-01-15 09:00:00', 0),
(395, 1, 'lesson', 2, '2026-01-15 10:00:00', 0),
(396, 2, 'lesson', 2, '2026-01-15 10:00:00', 1),
(397, 3, 'lesson', 2, '2026-01-15 10:00:00', 0),
(398, 4, 'lesson', 2, '2026-01-15 10:00:00', 1),
(399, 5, 'lesson', 2, '2026-01-15 10:00:00', 1),
(400, 6, 'lesson', 2, '2026-01-15 10:00:00', 1),
(401, 1, 'lesson', 3, '2026-01-15 11:00:00', 1),
(402, 2, 'lesson', 3, '2026-01-15 11:00:00', 0),
(403, 3, 'lesson', 3, '2026-01-15 11:00:00', 1),
(404, 4, 'lesson', 3, '2026-01-15 11:00:00', 0),
(405, 5, 'lesson', 3, '2026-01-15 11:00:00', 1),
(406, 6, 'lesson', 3, '2026-01-15 11:00:00', 1),
(407, 1, 'lesson', 4, '2026-01-15 12:00:00', 0),
(408, 2, 'lesson', 4, '2026-01-15 12:00:00', 1),
(409, 3, 'lesson', 4, '2026-01-15 12:00:00', 1),
(410, 4, 'lesson', 4, '2026-01-15 12:00:00', 1),
(411, 5, 'lesson', 4, '2026-01-15 12:00:00', 0),
(412, 6, 'lesson', 4, '2026-01-15 12:00:00', 1),
(413, 1, 'lesson', 5, '2026-01-15 13:00:00', 1),
(414, 2, 'lesson', 5, '2026-01-15 13:00:00', 1),
(415, 3, 'lesson', 5, '2026-01-15 13:00:00', 0),
(416, 4, 'lesson', 5, '2026-01-15 13:00:00', 1),
(417, 5, 'lesson', 5, '2026-01-15 13:00:00', 1),
(418, 6, 'lesson', 5, '2026-01-15 13:00:00', 0),
(419, 1, 'lesson', 1, '2026-01-22 09:00:00', 0),
(420, 2, 'lesson', 1, '2026-01-22 09:00:00', 1),
(421, 3, 'lesson', 1, '2026-01-22 09:00:00', 1),
(422, 4, 'lesson', 1, '2026-01-22 09:00:00', 0),
(423, 5, 'lesson', 1, '2026-01-22 09:00:00', 1),
(424, 6, 'lesson', 1, '2026-01-22 09:00:00', 1),
(425, 1, 'lesson', 2, '2026-01-22 10:00:00', 1),
(426, 2, 'lesson', 2, '2026-01-22 10:00:00', 0),
(427, 3, 'lesson', 2, '2026-01-22 10:00:00', 1),
(428, 4, 'lesson', 2, '2026-01-22 10:00:00', 1),
(429, 5, 'lesson', 2, '2026-01-22 10:00:00', 0),
(430, 6, 'lesson', 2, '2026-01-22 10:00:00', 1),
(431, 1, 'lesson', 3, '2026-01-22 11:00:00', 0),
(432, 2, 'lesson', 3, '2026-01-22 11:00:00', 1),
(433, 3, 'lesson', 3, '2026-01-22 11:00:00', 0),
(434, 4, 'lesson', 3, '2026-01-22 11:00:00', 1),
(435, 5, 'lesson', 3, '2026-01-22 11:00:00', 1),
(436, 6, 'lesson', 3, '2026-01-22 11:00:00', 1),
(437, 1, 'lesson', 4, '2026-01-22 12:00:00', 1),
(438, 2, 'lesson', 4, '2026-01-22 12:00:00', 0),
(439, 3, 'lesson', 4, '2026-01-22 12:00:00', 1),
(440, 4, 'lesson', 4, '2026-01-22 12:00:00', 0),
(441, 5, 'lesson', 4, '2026-01-22 12:00:00', 1),
(442, 6, 'lesson', 4, '2026-01-22 12:00:00', 1),
(443, 1, 'lesson', 5, '2026-01-22 13:00:00', 0),
(444, 2, 'lesson', 5, '2026-01-22 13:00:00', 1),
(445, 3, 'lesson', 5, '2026-01-22 13:00:00', 1),
(446, 4, 'lesson', 5, '2026-01-22 13:00:00', 0),
(447, 5, 'lesson', 5, '2026-01-22 13:00:00', 1),
(448, 6, 'lesson', 5, '2026-01-22 13:00:00', 1),
(449, 1, 'lesson', 1, '2026-01-01 09:00:00', 1),
(450, 2, 'lesson', 1, '2026-01-01 09:00:00', 0),
(451, 3, 'lesson', 1, '2026-01-01 09:00:00', 1),
(452, 4, 'lesson', 1, '2026-01-01 09:00:00', 1),
(453, 5, 'lesson', 1, '2026-01-01 09:00:00', 0),
(454, 6, 'lesson', 1, '2026-01-01 09:00:00', 1),
(455, 1, 'lesson', 2, '2026-01-01 10:00:00', 0),
(456, 2, 'lesson', 2, '2026-01-01 10:00:00', 1),
(457, 3, 'lesson', 2, '2026-01-01 10:00:00', 0),
(458, 4, 'lesson', 2, '2026-01-01 10:00:00', 1),
(459, 5, 'lesson', 2, '2026-01-01 10:00:00', 1),
(460, 6, 'lesson', 2, '2026-01-01 10:00:00', 0),
(461, 1, 'lesson', 3, '2026-01-01 11:00:00', 1),
(462, 2, 'lesson', 3, '2026-01-01 11:00:00', 1),
(463, 3, 'lesson', 3, '2026-01-01 11:00:00', 1),
(464, 4, 'lesson', 3, '2026-01-01 11:00:00', 0),
(465, 5, 'lesson', 3, '2026-01-01 11:00:00', 1),
(466, 6, 'lesson', 3, '2026-01-01 11:00:00', 1),
(467, 1, 'lesson', 4, '2026-01-01 12:00:00', 0),
(468, 2, 'lesson', 4, '2026-01-01 12:00:00', 0),
(469, 3, 'lesson', 4, '2026-01-01 12:00:00', 1),
(470, 4, 'lesson', 4, '2026-01-01 12:00:00', 1),
(471, 5, 'lesson', 4, '2026-01-01 12:00:00', 0),
(472, 6, 'lesson', 4, '2026-01-01 12:00:00', 1),
(473, 1, 'lesson', 5, '2026-01-01 13:00:00', 1),
(474, 2, 'lesson', 5, '2026-01-01 13:00:00', 1),
(475, 3, 'lesson', 5, '2026-01-01 13:00:00', 0),
(476, 4, 'lesson', 5, '2026-01-01 13:00:00', 1),
(477, 5, 'lesson', 5, '2026-01-01 13:00:00', 1),
(478, 6, 'lesson', 5, '2026-01-01 13:00:00', 0),
(479, 1, 'lesson', 1, '2026-01-08 09:00:00', 0),
(480, 2, 'lesson', 1, '2026-01-08 09:00:00', 1),
(481, 3, 'lesson', 1, '2026-01-08 09:00:00', 1),
(482, 4, 'lesson', 1, '2026-01-08 09:00:00', 0),
(483, 5, 'lesson', 1, '2026-01-08 09:00:00', 1),
(484, 6, 'lesson', 1, '2026-01-08 09:00:00', 1),
(485, 1, 'lesson', 2, '2026-01-08 10:00:00', 1),
(486, 2, 'lesson', 2, '2026-01-08 10:00:00', 0),
(487, 3, 'lesson', 2, '2026-01-08 10:00:00', 1),
(488, 4, 'lesson', 2, '2026-01-08 10:00:00', 1),
(489, 5, 'lesson', 2, '2026-01-08 10:00:00', 0),
(490, 6, 'lesson', 2, '2026-01-08 10:00:00', 1),
(491, 1, 'lesson', 3, '2026-01-08 11:00:00', 0),
(492, 2, 'lesson', 3, '2026-01-08 11:00:00', 0),
(493, 3, 'lesson', 3, '2026-01-08 11:00:00', 1),
(494, 4, 'lesson', 3, '2026-01-08 11:00:00', 1),
(495, 5, 'lesson', 3, '2026-01-08 11:00:00', 1),
(496, 6, 'lesson', 3, '2026-01-08 11:00:00', 0),
(497, 1, 'lesson', 4, '2026-01-08 12:00:00', 1),
(498, 2, 'lesson', 4, '2026-01-08 12:00:00', 1),
(499, 3, 'lesson', 4, '2026-01-08 12:00:00', 0),
(500, 4, 'lesson', 4, '2026-01-08 12:00:00', 1),
(501, 5, 'lesson', 4, '2026-01-08 12:00:00', 0),
(502, 6, 'lesson', 4, '2026-01-08 12:00:00', 1),
(503, 1, 'lesson', 5, '2026-01-08 13:00:00', 0),
(504, 2, 'lesson', 5, '2026-01-08 13:00:00', 1),
(505, 3, 'lesson', 5, '2026-01-08 13:00:00', 1),
(506, 4, 'lesson', 5, '2026-01-08 13:00:00', 0),
(507, 5, 'lesson', 5, '2026-01-08 13:00:00', 1),
(508, 6, 'lesson', 5, '2026-01-08 13:00:00', 0),
(509, 1, 'lesson', 1, '2026-01-15 09:00:00', 1),
(510, 2, 'lesson', 1, '2026-01-15 09:00:00', 0),
(511, 3, 'lesson', 1, '2026-01-15 09:00:00', 1),
(512, 4, 'lesson', 1, '2026-01-15 09:00:00', 1),
(513, 5, 'lesson', 1, '2026-01-15 09:00:00', 1),
(514, 6, 'lesson', 1, '2026-01-15 09:00:00', 0),
(515, 1, 'lesson', 2, '2026-01-15 10:00:00', 0),
(516, 2, 'lesson', 2, '2026-01-15 10:00:00', 1),
(517, 3, 'lesson', 2, '2026-01-15 10:00:00', 0),
(518, 4, 'lesson', 2, '2026-01-15 10:00:00', 1),
(519, 5, 'lesson', 2, '2026-01-15 10:00:00', 1),
(520, 6, 'lesson', 2, '2026-01-15 10:00:00', 1),
(521, 1, 'lesson', 3, '2026-01-15 11:00:00', 1),
(522, 2, 'lesson', 3, '2026-01-15 11:00:00', 0),
(523, 3, 'lesson', 3, '2026-01-15 11:00:00', 1),
(524, 4, 'lesson', 3, '2026-01-15 11:00:00', 0),
(525, 5, 'lesson', 3, '2026-01-15 11:00:00', 1),
(526, 6, 'lesson', 3, '2026-01-15 11:00:00', 1),
(527, 1, 'lesson', 4, '2026-01-15 12:00:00', 0),
(528, 2, 'lesson', 4, '2026-01-15 12:00:00', 1),
(529, 3, 'lesson', 4, '2026-01-15 12:00:00', 1),
(530, 4, 'lesson', 4, '2026-01-15 12:00:00', 1),
(531, 5, 'lesson', 4, '2026-01-15 12:00:00', 0),
(532, 6, 'lesson', 4, '2026-01-15 12:00:00', 1),
(533, 1, 'lesson', 5, '2026-01-15 13:00:00', 1),
(534, 2, 'lesson', 5, '2026-01-15 13:00:00', 1),
(535, 3, 'lesson', 5, '2026-01-15 13:00:00', 0),
(536, 4, 'lesson', 5, '2026-01-15 13:00:00', 1),
(537, 5, 'lesson', 5, '2026-01-15 13:00:00', 1),
(538, 6, 'lesson', 5, '2026-01-15 13:00:00', 0),
(539, 1, 'lesson', 1, '2026-01-22 09:00:00', 0),
(540, 2, 'lesson', 1, '2026-01-22 09:00:00', 1),
(541, 3, 'lesson', 1, '2026-01-22 09:00:00', 1),
(542, 4, 'lesson', 1, '2026-01-22 09:00:00', 0),
(543, 5, 'lesson', 1, '2026-01-22 09:00:00', 1),
(544, 6, 'lesson', 1, '2026-01-22 09:00:00', 1),
(545, 1, 'lesson', 2, '2026-01-22 10:00:00', 1),
(546, 2, 'lesson', 2, '2026-01-22 10:00:00', 0),
(547, 3, 'lesson', 2, '2026-01-22 10:00:00', 1),
(548, 4, 'lesson', 2, '2026-01-22 10:00:00', 1),
(549, 5, 'lesson', 2, '2026-01-22 10:00:00', 0),
(550, 6, 'lesson', 2, '2026-01-22 10:00:00', 1),
(551, 1, 'lesson', 3, '2026-01-22 11:00:00', 0),
(552, 2, 'lesson', 3, '2026-01-22 11:00:00', 1),
(553, 3, 'lesson', 3, '2026-01-22 11:00:00', 0),
(554, 4, 'lesson', 3, '2026-01-22 11:00:00', 1),
(555, 5, 'lesson', 3, '2026-01-22 11:00:00', 1),
(556, 6, 'lesson', 3, '2026-01-22 11:00:00', 1),
(557, 1, 'lesson', 4, '2026-01-22 12:00:00', 1),
(558, 2, 'lesson', 4, '2026-01-22 12:00:00', 0),
(559, 3, 'lesson', 4, '2026-01-22 12:00:00', 1),
(560, 4, 'lesson', 4, '2026-01-22 12:00:00', 0),
(561, 5, 'lesson', 4, '2026-01-22 12:00:00', 1),
(562, 6, 'lesson', 4, '2026-01-22 12:00:00', 1),
(563, 1, 'lesson', 5, '2026-01-22 13:00:00', 0),
(564, 2, 'lesson', 5, '2026-01-22 13:00:00', 1),
(565, 3, 'lesson', 5, '2026-01-22 13:00:00', 1),
(566, 4, 'lesson', 5, '2026-01-22 13:00:00', 0),
(567, 5, 'lesson', 5, '2026-01-22 13:00:00', 1),
(568, 6, 'lesson', 5, '2026-01-22 13:00:00', 1),
(569, 1, 'lesson', 1, '2026-01-01 09:00:00', 1),
(570, 2, 'lesson', 1, '2026-01-01 09:00:00', 0),
(571, 3, 'lesson', 1, '2026-01-01 09:00:00', 1),
(572, 4, 'lesson', 1, '2026-01-01 09:00:00', 1),
(573, 5, 'lesson', 1, '2026-01-01 09:00:00', 0),
(574, 6, 'lesson', 1, '2026-01-01 09:00:00', 1),
(575, 1, 'lesson', 2, '2026-01-01 10:00:00', 0),
(576, 2, 'lesson', 2, '2026-01-01 10:00:00', 1),
(577, 3, 'lesson', 2, '2026-01-01 10:00:00', 0),
(578, 4, 'lesson', 2, '2026-01-01 10:00:00', 1),
(579, 5, 'lesson', 2, '2026-01-01 10:00:00', 1),
(580, 6, 'lesson', 2, '2026-01-01 10:00:00', 0),
(581, 1, 'lesson', 3, '2026-01-01 11:00:00', 1),
(582, 2, 'lesson', 3, '2026-01-01 11:00:00', 1),
(583, 3, 'lesson', 3, '2026-01-01 11:00:00', 1),
(584, 4, 'lesson', 3, '2026-01-01 11:00:00', 0),
(585, 5, 'lesson', 3, '2026-01-01 11:00:00', 1),
(586, 6, 'lesson', 3, '2026-01-01 11:00:00', 1),
(587, 1, 'lesson', 4, '2026-01-01 12:00:00', 0),
(588, 2, 'lesson', 4, '2026-01-01 12:00:00', 0),
(589, 3, 'lesson', 4, '2026-01-01 12:00:00', 1),
(590, 4, 'lesson', 4, '2026-01-01 12:00:00', 1),
(591, 5, 'lesson', 4, '2026-01-01 12:00:00', 0),
(592, 6, 'lesson', 4, '2026-01-01 12:00:00', 1),
(593, 1, 'lesson', 5, '2026-01-01 13:00:00', 1),
(594, 2, 'lesson', 5, '2026-01-01 13:00:00', 1),
(595, 3, 'lesson', 5, '2026-01-01 13:00:00', 0),
(596, 4, 'lesson', 5, '2026-01-01 13:00:00', 1),
(597, 5, 'lesson', 5, '2026-01-01 13:00:00', 1),
(598, 6, 'lesson', 5, '2026-01-01 13:00:00', 0),
(599, 1, 'lesson', 1, '2026-01-08 09:00:00', 0),
(600, 2, 'lesson', 1, '2026-01-08 09:00:00', 1),
(601, 3, 'lesson', 1, '2026-01-08 09:00:00', 1),
(602, 4, 'lesson', 1, '2026-01-08 09:00:00', 0),
(603, 5, 'lesson', 1, '2026-01-08 09:00:00', 1),
(604, 6, 'lesson', 1, '2026-01-08 09:00:00', 1),
(605, 1, 'lesson', 2, '2026-01-08 10:00:00', 1),
(606, 2, 'lesson', 2, '2026-01-08 10:00:00', 0),
(607, 3, 'lesson', 2, '2026-01-08 10:00:00', 1),
(608, 4, 'lesson', 2, '2026-01-08 10:00:00', 1),
(609, 5, 'lesson', 2, '2026-01-08 10:00:00', 0),
(610, 6, 'lesson', 2, '2026-01-08 10:00:00', 1),
(611, 1, 'lesson', 3, '2026-01-08 11:00:00', 0),
(612, 2, 'lesson', 3, '2026-01-08 11:00:00', 0),
(613, 3, 'lesson', 3, '2026-01-08 11:00:00', 1),
(614, 4, 'lesson', 3, '2026-01-08 11:00:00', 1),
(615, 5, 'lesson', 3, '2026-01-08 11:00:00', 1),
(616, 6, 'lesson', 3, '2026-01-08 11:00:00', 0),
(617, 1, 'lesson', 4, '2026-01-08 12:00:00', 1),
(618, 2, 'lesson', 4, '2026-01-08 12:00:00', 1),
(619, 3, 'lesson', 4, '2026-01-08 12:00:00', 0),
(620, 4, 'lesson', 4, '2026-01-08 12:00:00', 1),
(621, 5, 'lesson', 4, '2026-01-08 12:00:00', 0),
(622, 6, 'lesson', 4, '2026-01-08 12:00:00', 1),
(623, 1, 'lesson', 5, '2026-01-08 13:00:00', 0),
(624, 2, 'lesson', 5, '2026-01-08 13:00:00', 1),
(625, 3, 'lesson', 5, '2026-01-08 13:00:00', 1),
(626, 4, 'lesson', 5, '2026-01-08 13:00:00', 0),
(627, 5, 'lesson', 5, '2026-01-08 13:00:00', 1),
(628, 6, 'lesson', 5, '2026-01-08 13:00:00', 0),
(629, 1, 'lesson', 1, '2026-01-15 09:00:00', 1),
(630, 2, 'lesson', 1, '2026-01-15 09:00:00', 0),
(631, 3, 'lesson', 1, '2026-01-15 09:00:00', 1),
(632, 4, 'lesson', 1, '2026-01-15 09:00:00', 1),
(633, 5, 'lesson', 1, '2026-01-15 09:00:00', 1),
(634, 6, 'lesson', 1, '2026-01-15 09:00:00', 0),
(635, 1, 'lesson', 2, '2026-01-15 10:00:00', 0),
(636, 2, 'lesson', 2, '2026-01-15 10:00:00', 1),
(637, 3, 'lesson', 2, '2026-01-15 10:00:00', 0),
(638, 4, 'lesson', 2, '2026-01-15 10:00:00', 1),
(639, 5, 'lesson', 2, '2026-01-15 10:00:00', 1),
(640, 6, 'lesson', 2, '2026-01-15 10:00:00', 1),
(641, 1, 'lesson', 3, '2026-01-15 11:00:00', 1),
(642, 2, 'lesson', 3, '2026-01-15 11:00:00', 0),
(643, 3, 'lesson', 3, '2026-01-15 11:00:00', 1),
(644, 4, 'lesson', 3, '2026-01-15 11:00:00', 0),
(645, 5, 'lesson', 3, '2026-01-15 11:00:00', 1),
(646, 6, 'lesson', 3, '2026-01-15 11:00:00', 1),
(647, 1, 'lesson', 4, '2026-01-15 12:00:00', 0),
(648, 2, 'lesson', 4, '2026-01-15 12:00:00', 1),
(649, 3, 'lesson', 4, '2026-01-15 12:00:00', 1),
(650, 4, 'lesson', 4, '2026-01-15 12:00:00', 1),
(651, 5, 'lesson', 4, '2026-01-15 12:00:00', 0),
(652, 6, 'lesson', 4, '2026-01-15 12:00:00', 1),
(653, 1, 'lesson', 5, '2026-01-15 13:00:00', 1),
(654, 2, 'lesson', 5, '2026-01-15 13:00:00', 1),
(655, 3, 'lesson', 5, '2026-01-15 13:00:00', 0),
(656, 4, 'lesson', 5, '2026-01-15 13:00:00', 1),
(657, 5, 'lesson', 5, '2026-01-15 13:00:00', 1),
(658, 6, 'lesson', 5, '2026-01-15 13:00:00', 0),
(659, 1, 'lesson', 1, '2026-01-22 09:00:00', 0),
(660, 2, 'lesson', 1, '2026-01-22 09:00:00', 1),
(661, 3, 'lesson', 1, '2026-01-22 09:00:00', 1),
(662, 4, 'lesson', 1, '2026-01-22 09:00:00', 0),
(663, 5, 'lesson', 1, '2026-01-22 09:00:00', 1),
(664, 6, 'lesson', 1, '2026-01-22 09:00:00', 1),
(665, 1, 'lesson', 2, '2026-01-22 10:00:00', 1),
(666, 2, 'lesson', 2, '2026-01-22 10:00:00', 0),
(667, 3, 'lesson', 2, '2026-01-22 10:00:00', 1),
(668, 4, 'lesson', 2, '2026-01-22 10:00:00', 1),
(669, 5, 'lesson', 2, '2026-01-22 10:00:00', 0),
(670, 6, 'lesson', 2, '2026-01-22 10:00:00', 1),
(671, 1, 'lesson', 3, '2026-01-22 11:00:00', 0),
(672, 2, 'lesson', 3, '2026-01-22 11:00:00', 1),
(673, 3, 'lesson', 3, '2026-01-22 11:00:00', 0),
(674, 4, 'lesson', 3, '2026-01-22 11:00:00', 1),
(675, 5, 'lesson', 3, '2026-01-22 11:00:00', 1),
(676, 6, 'lesson', 3, '2026-01-22 11:00:00', 1),
(677, 1, 'lesson', 4, '2026-01-22 12:00:00', 1),
(678, 2, 'lesson', 4, '2026-01-22 12:00:00', 0),
(679, 3, 'lesson', 4, '2026-01-22 12:00:00', 1),
(680, 4, 'lesson', 4, '2026-01-22 12:00:00', 0),
(681, 5, 'lesson', 4, '2026-01-22 12:00:00', 1),
(682, 6, 'lesson', 4, '2026-01-22 12:00:00', 1),
(683, 1, 'lesson', 5, '2026-01-22 13:00:00', 0),
(684, 2, 'lesson', 5, '2026-01-22 13:00:00', 1),
(685, 3, 'lesson', 5, '2026-01-22 13:00:00', 1),
(686, 4, 'lesson', 5, '2026-01-22 13:00:00', 0),
(687, 5, 'lesson', 5, '2026-01-22 13:00:00', 1),
(688, 6, 'lesson', 5, '2026-01-22 13:00:00', 1),
(689, 1, 'lesson', 1, '2026-01-01 09:00:00', 1),
(690, 2, 'lesson', 1, '2026-01-01 09:00:00', 0),
(691, 3, 'lesson', 1, '2026-01-01 09:00:00', 1),
(692, 4, 'lesson', 1, '2026-01-01 09:00:00', 1),
(693, 5, 'lesson', 1, '2026-01-01 09:00:00', 0),
(694, 6, 'lesson', 1, '2026-01-01 09:00:00', 1),
(695, 1, 'lesson', 2, '2026-01-01 10:00:00', 0),
(696, 2, 'lesson', 2, '2026-01-01 10:00:00', 1),
(697, 3, 'lesson', 2, '2026-01-01 10:00:00', 0),
(698, 1, 'lesson', 1, '2026-01-01 09:00:00', 1),
(699, 2, 'lesson', 1, '2026-01-01 09:00:00', 0),
(700, 3, 'lesson', 1, '2026-01-01 09:00:00', 1),
(701, 4, 'lesson', 1, '2026-01-01 09:00:00', 1),
(702, 5, 'lesson', 1, '2026-01-01 09:00:00', 0),
(703, 6, 'lesson', 1, '2026-01-01 09:00:00', 1),
(704, 1, 'lesson', 2, '2026-01-01 10:00:00', 0),
(705, 2, 'lesson', 2, '2026-01-01 10:00:00', 1),
(706, 3, 'lesson', 2, '2026-01-01 10:00:00', 0),
(707, 1, 'lesson', 1, '2026-01-01 09:00:00', 1);

-- --------------------------------------------------------

--
-- Table structure for table `buildings`
--

CREATE TABLE `buildings` (
  `building_id` int NOT NULL,
  `building_initials` varchar(10) NOT NULL,
  `building_name` varchar(50) NOT NULL,
  `campus_location` varchar(50) NOT NULL
) ENGINE=InnoDB DEFAULT CHARSET=utf8mb4 COLLATE=utf8mb4_0900_ai_ci;

--
-- Dumping data for table `buildings`
--

INSERT INTO `buildings` (`building_id`, `building_initials`, `building_name`, `campus_location`) VALUES
(1, 'MI', 'Alan Turing Building', 'City Campus'),
(2, 'MC', 'Millennium City Building', 'City Campus'),
(3, 'MD', 'Harrison Learning Centre', 'City Campus');

-- --------------------------------------------------------

--
-- Table structure for table `campus_opening_times`
--

CREATE TABLE `campus_opening_times` (
  `id` bigint UNSIGNED NOT NULL,
  `campus_name` varchar(80) NOT NULL,
  `day_of_week` varchar(10) NOT NULL,
  `opens_at` time NOT NULL,
  `closes_at` time NOT NULL,
  `note` text,
  `source_ref` text
) ENGINE=InnoDB DEFAULT CHARSET=utf8mb4 COLLATE=utf8mb4_0900_ai_ci;

--
-- Dumping data for table `campus_opening_times`
--

INSERT INTO `campus_opening_times` (`id`, `campus_name`, `day_of_week`, `opens_at`, `closes_at`, `note`, `source_ref`) VALUES
(1, 'Walsall Campus', 'Monday', '06:30:00', '22:00:00', 'Opening hours can change around bank holidays.', 'Screenshot you provided'),
(2, 'Walsall Campus', 'Tuesday', '06:30:00', '22:00:00', 'Opening hours can change around bank holidays.', 'Screenshot you provided'),
(3, 'Walsall Campus', 'Wednesday', '06:30:00', '22:00:00', 'Opening hours can change around bank holidays.', 'Screenshot you provided'),
(4, 'Walsall Campus', 'Thursday', '06:30:00', '22:00:00', 'Opening hours can change around bank holidays.', 'Screenshot you provided'),
(5, 'Walsall Campus', 'Friday', '06:30:00', '22:00:00', 'Opening hours can change around bank holidays.', 'Screenshot you provided'),
(6, 'Walsall Campus', 'Saturday', '08:00:00', '18:00:00', 'Opening hours can change around bank holidays.', 'Screenshot you provided'),
(7, 'Walsall Campus', 'Sunday', '08:00:00', '18:00:00', 'Opening hours can change around bank holidays.', 'Screenshot you provided'),
(8, 'Walsall Campus', 'Monday', '06:30:00', '22:00:00', 'Opening hours can change around bank holidays.', 'Screenshot you provided'),
(9, 'Walsall Campus', 'Tuesday', '06:30:00', '22:00:00', 'Opening hours can change around bank holidays.', 'Screenshot you provided'),
(10, 'Walsall Campus', 'Wednesday', '06:30:00', '22:00:00', 'Opening hours can change around bank holidays.', 'Screenshot you provided'),
(11, 'Walsall Campus', 'Thursday', '06:30:00', '22:00:00', 'Opening hours can change around bank holidays.', 'Screenshot you provided'),
(12, 'Walsall Campus', 'Friday', '06:30:00', '22:00:00', 'Opening hours can change around bank holidays.', 'Screenshot you provided'),
(13, 'Walsall Campus', 'Saturday', '08:00:00', '18:00:00', 'Opening hours can change around bank holidays.', 'Screenshot you provided'),
(14, 'Walsall Campus', 'Sunday', '08:00:00', '18:00:00', 'Opening hours can change around bank holidays.', 'Screenshot you provided');

-- --------------------------------------------------------

--
-- Table structure for table `clubs`
--

CREATE TABLE `clubs` (
  `club_id` int NOT NULL,
  `club_name` varchar(150) NOT NULL,
  `description` text NOT NULL,
  `schedule` varchar(255) NOT NULL,
  `club_creation_date` datetime NOT NULL DEFAULT CURRENT_TIMESTAMP
) ENGINE=InnoDB DEFAULT CHARSET=utf8mb4 COLLATE=utf8mb4_0900_ai_ci;

--
-- Dumping data for table `clubs`
--

INSERT INTO `clubs` (`club_id`, `club_name`, `description`, `schedule`, `club_creation_date`) VALUES
(1, 'Computer Science Society', 'A club for students interested in coding, AI, and tech careers.', 'Every Wednesday 6PM', '2026-02-02 14:38:57'),
(2, 'Football Club', 'University football training and competitive matches.', 'Tuesdays & Fridays 4PM', '2026-02-02 14:38:57'),
(3, 'Entrepreneurship Club', 'Helping students build startups and side hustles.', 'Mondays 8PM', '2026-02-02 14:38:57'),
(5, 'new club', 'test', 'now', '2026-03-03 17:43:05'),
(6, 'Another Club', 'testing permissions', 'tomorrow', '2026-03-08 12:59:36');

-- --------------------------------------------------------

--
-- Table structure for table `events`
--

CREATE TABLE `events` (
  `event_id` int NOT NULL,
  `title` varchar(50) NOT NULL,
  `events_description` text NOT NULL,
  `event_type` varchar(50) NOT NULL,
  `associated_club` int NOT NULL,
  `start_time` datetime NOT NULL,
  `end_time` datetime NOT NULL,
  `created_by` int NOT NULL
) ENGINE=InnoDB DEFAULT CHARSET=utf8mb4 COLLATE=utf8mb4_0900_ai_ci;

--
-- Dumping data for table `events`
--

INSERT INTO `events` (`event_id`, `title`, `events_description`, `event_type`, `associated_club`, `start_time`, `end_time`, `created_by`) VALUES
(1, 'Hackathon Night', 'Overnight coding event with prizes.', 'Event', 1, '2026-02-10 18:00:00', '2026-02-11 08:00:00', 1),
(2, 'Football Trials', 'Open trials for new players.', 'Sports', 2, '2026-02-15 16:00:00', '2026-02-15 18:00:00', 2),
(3, 'Startup Pitch Night', 'Pitch your business idea to judges.', 'Networking', 3, '2026-02-20 17:30:00', '2026-02-20 21:00:00', 3),
(5, 'hi scott', 'hi scott\r\n\r\nhi', 'hi', 3, '2026-03-02 05:10:00', '2001-01-01 08:47:00', 4);

-- --------------------------------------------------------

--
-- Table structure for table `exercise_classes`
--

CREATE TABLE `exercise_classes` (
  `id` bigint UNSIGNED NOT NULL,
  `class_date` date DEFAULT NULL,
  `day_of_week` varchar(10) NOT NULL,
  `class_name` varchar(120) NOT NULL,
  `start_time` time NOT NULL,
  `end_time` time NOT NULL,
  `campus_name` varchar(80) NOT NULL,
  `location` varchar(160) DEFAULT NULL,
  `source_url` text
) ENGINE=InnoDB DEFAULT CHARSET=utf8mb4 COLLATE=utf8mb4_0900_ai_ci;

--
-- Dumping data for table `exercise_classes`
--

INSERT INTO `exercise_classes` (`id`, `class_date`, `day_of_week`, `class_name`, `start_time`, `end_time`, `campus_name`, `location`, `source_url`) VALUES
(1, '2024-09-17', 'Tuesday', 'WLV HIIT', '07:00:00', '07:45:00', 'Walsall Campus', 'Sports Centre, Walsall Campus', 'https://www.wolvesunion.org/ents/event/9521/'),
(2, '2024-09-17', 'Tuesday', 'Functional Fit', '09:30:00', '10:15:00', 'Walsall Campus', 'Sports Centre, Walsall Campus', 'https://www.wolvesunion.org/ents/event/9521/'),
(3, '2024-09-17', 'Tuesday', 'Flex & Stretch', '12:15:00', '12:55:00', 'Walsall Campus', 'Sports Centre, Walsall Campus', 'https://www.wolvesunion.org/ents/event/9521/'),
(4, '2024-09-17', 'Tuesday', 'Pilates', '13:00:00', '13:55:00', 'Walsall Campus', 'Sports Centre, Walsall Campus', 'https://www.wolvesunion.org/ents/event/9521/'),
(5, '2024-09-17', 'Tuesday', 'Total Body Fitness', '18:00:00', '18:55:00', 'Walsall Campus', 'Sports Centre, Walsall Campus', 'https://www.wolvesunion.org/ents/event/9521/'),
(6, '2024-09-19', 'Thursday', 'Abs Blast', '07:00:00', '07:45:00', 'Walsall Campus', 'Sports Centre, Walsall Campus', 'https://www.wolvesunion.org/ents/event/9539/'),
(7, '2024-09-19', 'Thursday', 'Body Conditioning', '09:30:00', '10:30:00', 'Walsall Campus', 'Sports Centre, Walsall Campus', 'https://www.wolvesunion.org/ents/event/9539/'),
(8, '2024-09-19', 'Thursday', 'Functional Fit', '12:15:00', '12:45:00', 'Walsall Campus', 'Sports Centre, Walsall Campus', 'https://www.wolvesunion.org/ents/event/9539/'),
(9, '2024-09-19', 'Thursday', 'Yoga', '17:15:00', '18:10:00', 'Walsall Campus', 'Sports Centre, Walsall Campus', 'https://www.wolvesunion.org/ents/event/9539/'),
(10, '2024-09-17', 'Tuesday', 'WLV HIIT', '07:00:00', '07:45:00', 'Walsall Campus', 'Sports Centre, Walsall Campus', 'https://www.wolvesunion.org/ents/event/9521/'),
(11, '2024-09-17', 'Tuesday', 'Functional Fit', '09:30:00', '10:15:00', 'Walsall Campus', 'Sports Centre, Walsall Campus', 'https://www.wolvesunion.org/ents/event/9521/'),
(12, '2024-09-17', 'Tuesday', 'Flex & Stretch', '12:15:00', '12:55:00', 'Walsall Campus', 'Sports Centre, Walsall Campus', 'https://www.wolvesunion.org/ents/event/9521/'),
(13, '2024-09-17', 'Tuesday', 'Pilates', '13:00:00', '13:55:00', 'Walsall Campus', 'Sports Centre, Walsall Campus', 'https://www.wolvesunion.org/ents/event/9521/'),
(14, '2024-09-17', 'Tuesday', 'Total Body Fitness', '18:00:00', '18:55:00', 'Walsall Campus', 'Sports Centre, Walsall Campus', 'https://www.wolvesunion.org/ents/event/9521/'),
(15, '2024-09-19', 'Thursday', 'Abs Blast', '07:00:00', '07:45:00', 'Walsall Campus', 'Sports Centre, Walsall Campus', 'https://www.wolvesunion.org/ents/event/9539/'),
(16, '2024-09-19', 'Thursday', 'Body Conditioning', '09:30:00', '10:30:00', 'Walsall Campus', 'Sports Centre, Walsall Campus', 'https://www.wolvesunion.org/ents/event/9539/'),
(17, '2024-09-19', 'Thursday', 'Functional Fit', '12:15:00', '12:45:00', 'Walsall Campus', 'Sports Centre, Walsall Campus', 'https://www.wolvesunion.org/ents/event/9539/'),
(18, '2024-09-19', 'Thursday', 'Yoga', '17:15:00', '18:10:00', 'Walsall Campus', 'Sports Centre, Walsall Campus', 'https://www.wolvesunion.org/ents/event/9539/');

-- --------------------------------------------------------

--
-- Table structure for table `gym_opening_times`
--

CREATE TABLE `gym_opening_times` (
  `id` bigint UNSIGNED NOT NULL,
  `campus_name` varchar(80) NOT NULL,
  `day_of_week` varchar(10) NOT NULL,
  `opens_at` time NOT NULL,
  `closes_at` time NOT NULL,
  `note` text,
  `source_ref` text
) ENGINE=InnoDB DEFAULT CHARSET=utf8mb4 COLLATE=utf8mb4_0900_ai_ci;

--
-- Dumping data for table `gym_opening_times`
--

INSERT INTO `gym_opening_times` (`id`, `campus_name`, `day_of_week`, `opens_at`, `closes_at`, `note`, `source_ref`) VALUES
(1, 'Campus', 'Wednesday', '12:20:00', '04:05:00', ':)', 'idk'),
(3, 'Another Location', 'Tuesday', '12:12:00', '12:12:00', 'dfbsjafbksd', 'something');

-- --------------------------------------------------------

--
-- Table structure for table `notifications`
--

CREATE TABLE `notifications` (
  `notification_id` int NOT NULL,
  `title` varchar(50) NOT NULL,
  `message_body` text NOT NULL,
  `creation_date` datetime NOT NULL,
  `expiration_date` datetime NOT NULL,
  `sender_id` int NOT NULL
) ENGINE=InnoDB DEFAULT CHARSET=utf8mb4 COLLATE=utf8mb4_0900_ai_ci;

-- --------------------------------------------------------

--
-- Table structure for table `roles`
--

CREATE TABLE `roles` (
  `role_id` int NOT NULL,
  `role_name` varchar(50) NOT NULL
) ENGINE=InnoDB DEFAULT CHARSET=utf8mb4 COLLATE=utf8mb4_0900_ai_ci;

--
-- Dumping data for table `roles`
--

INSERT INTO `roles` (`role_id`, `role_name`) VALUES
(1, 'admin'),
(2, 'owner'),
(3, 'co_owner'),
(4, 'gym'),
(5, 'transport');

-- --------------------------------------------------------

--
-- Table structure for table `rooms`
--

CREATE TABLE `rooms` (
  `room_id` int NOT NULL,
  `room_code` varchar(10) NOT NULL,
  `building_id` int NOT NULL
) ENGINE=InnoDB DEFAULT CHARSET=utf8mb4 COLLATE=utf8mb4_0900_ai_ci;

-- --------------------------------------------------------

--
-- Table structure for table `transit_info`
--

CREATE TABLE `transit_info` (
  `transit_id` int NOT NULL,
  `route_name` varchar(100) NOT NULL,
  `schedule` varchar(255) NOT NULL,
  `last_updated` datetime NOT NULL DEFAULT CURRENT_TIMESTAMP
) ENGINE=InnoDB DEFAULT CHARSET=utf8mb4 COLLATE=utf8mb4_0900_ai_ci;

--
-- Dumping data for table `transit_info`
--

INSERT INTO `transit_info` (`transit_id`, `route_name`, `schedule`, `last_updated`) VALUES
(1, 'Wolverhampton to Telford', 'Every 30 minutes (08:00–18:00)', '2026-02-02 14:38:57'),
(2, 'Wolverhampton to Walsall', 'Every 30 minutes (08:00–18:00)', '2026-02-02 14:38:57'),
(3, 'Telford to Wolverhampton', 'Every 30 minutes (08:00–18:00)', '2026-02-02 14:38:57'),
(4, 'Telford to Walsall', 'Every 30 minutes (08:00–18:00)', '2026-02-02 14:38:57'),
(5, 'Walsall to Wolverhampton', 'Every 30 minutes (08:00–18:00)', '2026-02-02 14:38:57'),
(6, 'Walsall to Telford', 'Every 30 minutes (08:00–18:00)', '2026-02-02 14:38:57');

-- --------------------------------------------------------

--
-- Table structure for table `users`
--

CREATE TABLE `users` (
  `user_id` int NOT NULL,
  `name` varchar(100) NOT NULL,
  `email` varchar(255) NOT NULL,
  `password_hash` varchar(255) NOT NULL,
  `account_creation_date` datetime NOT NULL DEFAULT CURRENT_TIMESTAMP
) ENGINE=InnoDB DEFAULT CHARSET=utf8mb4 COLLATE=utf8mb4_0900_ai_ci;

--
-- Dumping data for table `users`
--

INSERT INTO `users` (`user_id`, `name`, `email`, `password_hash`, `account_creation_date`) VALUES
(1, 'User 1', 'user1@wlv.ac.uk', 'hashed_pw_1', '2026-02-02 14:38:57'),
(2, 'User 2', 'user2@wlv.ac.uk', 'hashed_pw_2', '2026-02-02 14:38:57'),
(3, 'User 3', 'user3@wlv.ac.uk', 'hashed_pw_3', '2026-02-02 14:38:57'),
(4, 'User 4', 'user4@wlv.ac.uk', 'hashed_pw_4', '2026-02-02 14:38:57'),
(5, 'User 5', 'user5@wlv.ac.uk', 'hashed_pw_5', '2026-02-02 14:38:57'),
(6, 'User 6', 'user6@wlv.ac.uk', 'hashed_pw_6', '2026-02-02 14:38:57'),
(12, 'gayman', 'gaymen@gmail.com', '$2y$10$jlUqI/Q.GyYRRW.3Lvz2HeyHs.lM4eoBXznmmPc5P8PAZOML7zI92', '2026-02-16 14:23:25'),
(13, 'iminyourwalls', 'iminyourwalls@gmail.com', '$2y$10$/XU.Br8QX1Zjm1FDZZvSAecMNdYMqZWJo1aCbrVwSWiubu2kKe1fq', '2026-02-16 14:24:44'),
(14, 'JuicyBallz', 'RealEmail@Email.com', '$2y$10$RwsxYl9Bz62DSPgAnafiYOjbQVevVWfbG3xeU/Cj5LrFWS2BJcvea', '2026-02-17 17:31:42'),
(17, 'test', 'test@email.com', '$2y$10$HgCQUL6bduk2ksGfCJJbHuytYAELL5Vy0jMXErW7dahy17Qs9JDku', '2026-02-20 14:05:18'),
(18, 'ThisUser', 'realemail@emailhost.com', '$2y$10$FMML3QmOsqkYn.oAJgLEyOVv6x8pX4WN/KCj6xauw9SeeptRBJnF2', '2026-02-23 13:04:59'),
(19, 'new user', 'user@emil.com', '$2y$10$GoDEJ/lXj2AU1s4la/KZWesQgiM/kexM20z/U/DgCRu2FPJfPGHWK', '2026-02-23 13:07:05'),
(20, 'yet another test', 'email@emaiaaaal.com', '$2y$10$23GUbi/g4FPqCBWXqoqNKeUE8CXkad03fkxWZBk/3LdZCoznFZjkO', '2026-02-23 14:46:53'),
(21, 'PM2', 'PM2@PM2.email', '$2y$10$M17BgLeMWB.H2FVOL7fq1.GZg7XBy3YUDkb6eZpU4OYxYctE0WVIC', '2026-03-02 14:26:05'),
(22, 'PM', 'dusha@dmail.com', '$2y$10$QwO9j8whcyRsfGUNNkYre.rPs0vE2GkyeyxusWecv0TusrImmHStm', '2026-03-04 19:28:37'),
(23, 'another test user', 'email@emailemaiul.com', '$2y$10$hDR1SvMt3TzRX00ObDquKuhu1GR6VobIBuZb1jvJ.obY/Er67lIKq', '2026-03-05 17:22:25'),
(24, 'admin', 'admin@email.com', '$2y$10$2P5jC6JgZAkM3u1Y3THsIO8pXsz1tfSo1jaeIFBtrm7drIBVflSra', '2026-03-08 12:58:29'),
(25, 'testeruser', 'testeruser@email.com', '$2y$10$vg6RECUvVXBEhdUAZr06eOUVXCDcZGoeDYdZTeaQ66DRZPSYy5ghm', '2026-03-08 20:38:05');

-- --------------------------------------------------------

--
-- Table structure for table `user_clubs`
--

CREATE TABLE `user_clubs` (
  `user_id` int NOT NULL,
  `club_id` int NOT NULL,
  `club_join_date` datetime NOT NULL DEFAULT CURRENT_TIMESTAMP
) ENGINE=InnoDB DEFAULT CHARSET=utf8mb4 COLLATE=utf8mb4_0900_ai_ci;

--
-- Dumping data for table `user_clubs`
--

INSERT INTO `user_clubs` (`user_id`, `club_id`, `club_join_date`) VALUES
(3, 2, '2026-03-08 12:56:03'),
(13, 6, '2026-03-08 13:00:05'),
(17, 2, '2026-02-22 18:05:05'),
(17, 3, '2026-02-22 18:03:37'),
(18, 1, '2026-02-23 13:21:46'),
(19, 1, '2026-02-23 13:07:28'),
(19, 2, '2026-02-23 13:07:42'),
(20, 1, '2026-02-23 14:46:57'),
(20, 3, '2026-02-23 14:52:54'),
(22, 6, '2026-03-08 13:00:05');

-- --------------------------------------------------------

--
-- Table structure for table `user_events`
--

CREATE TABLE `user_events` (
  `user_id` int NOT NULL,
  `event_id` int NOT NULL,
  `event_join_date` datetime NOT NULL DEFAULT CURRENT_TIMESTAMP
) ENGINE=InnoDB DEFAULT CHARSET=utf8mb4 COLLATE=utf8mb4_0900_ai_ci;

--
-- Dumping data for table `user_events`
--

INSERT INTO `user_events` (`user_id`, `event_id`, `event_join_date`) VALUES
(17, 1, '2026-03-02 14:45:29'),
(17, 2, '2026-02-23 14:50:42'),
(17, 3, '2026-03-02 14:42:32'),
(20, 1, '2026-02-23 14:50:23'),
(20, 2, '2026-02-23 14:55:32'),
(20, 3, '2026-02-23 14:50:26'),
(21, 1, '2026-03-02 14:26:41'),
(21, 2, '2026-03-02 14:26:44'),
(21, 3, '2026-03-02 14:26:46');

-- --------------------------------------------------------

--
-- Table structure for table `user_notifications`
--

CREATE TABLE `user_notifications` (
  `user_id` int NOT NULL,
  `notification_id` int NOT NULL,
  `read_status` tinyint NOT NULL DEFAULT '0'
) ENGINE=InnoDB DEFAULT CHARSET=utf8mb4 COLLATE=utf8mb4_0900_ai_ci;

-- --------------------------------------------------------

--
-- Table structure for table `user_roles`
--

CREATE TABLE `user_roles` (
  `user_role_id` int NOT NULL,
  `user_id` int NOT NULL,
  `role_id` int NOT NULL,
  `club_id` int DEFAULT NULL
) ENGINE=InnoDB DEFAULT CHARSET=utf8mb4 COLLATE=utf8mb4_0900_ai_ci;

--
-- Dumping data for table `user_roles`
--

INSERT INTO `user_roles` (`user_role_id`, `user_id`, `role_id`, `club_id`) VALUES
(60, 1, 2, 1),
(42, 1, 5, NULL),
(61, 2, 2, 2),
(41, 2, 5, NULL),
(40, 3, 5, NULL),
(62, 4, 2, 3),
(39, 12, 1, NULL),
(38, 13, 1, NULL),
(37, 14, 1, NULL),
(65, 17, 2, 5),
(17, 18, 1, NULL),
(35, 19, 1, NULL),
(34, 20, 1, NULL),
(13, 21, 1, NULL),
(33, 22, 1, NULL),
(59, 24, 1, NULL);

--
-- Indexes for dumped tables
--

--
-- Indexes for table `attendance_records`
--
ALTER TABLE `attendance_records`
  ADD PRIMARY KEY (`attendance_id`),
  ADD KEY `fk_attendance_user` (`user_id`);

--
-- Indexes for table `buildings`
--
ALTER TABLE `buildings`
  ADD PRIMARY KEY (`building_id`);

--
-- Indexes for table `campus_opening_times`
--
ALTER TABLE `campus_opening_times`
  ADD PRIMARY KEY (`id`),
  ADD UNIQUE KEY `id` (`id`);

--
-- Indexes for table `clubs`
--
ALTER TABLE `clubs`
  ADD PRIMARY KEY (`club_id`),
  ADD UNIQUE KEY `club_name` (`club_name`);

--
-- Indexes for table `events`
--
ALTER TABLE `events`
  ADD PRIMARY KEY (`event_id`),
  ADD KEY `fk_event_club` (`associated_club`),
  ADD KEY `fk_event_creator` (`created_by`);

--
-- Indexes for table `exercise_classes`
--
ALTER TABLE `exercise_classes`
  ADD PRIMARY KEY (`id`),
  ADD UNIQUE KEY `id` (`id`);

--
-- Indexes for table `gym_opening_times`
--
ALTER TABLE `gym_opening_times`
  ADD PRIMARY KEY (`id`),
  ADD UNIQUE KEY `id` (`id`);

--
-- Indexes for table `notifications`
--
ALTER TABLE `notifications`
  ADD PRIMARY KEY (`notification_id`),
  ADD KEY `fk_notif_sender` (`sender_id`);

--
-- Indexes for table `roles`
--
ALTER TABLE `roles`
  ADD PRIMARY KEY (`role_id`);

--
-- Indexes for table `rooms`
--
ALTER TABLE `rooms`
  ADD PRIMARY KEY (`room_id`),
  ADD UNIQUE KEY `room_code` (`room_code`),
  ADD KEY `fk_room_building` (`building_id`);

--
-- Indexes for table `transit_info`
--
ALTER TABLE `transit_info`
  ADD PRIMARY KEY (`transit_id`);

--
-- Indexes for table `users`
--
ALTER TABLE `users`
  ADD PRIMARY KEY (`user_id`),
  ADD UNIQUE KEY `email` (`email`);

--
-- Indexes for table `user_clubs`
--
ALTER TABLE `user_clubs`
  ADD PRIMARY KEY (`user_id`,`club_id`),
  ADD KEY `fk_uc_club` (`club_id`);

--
-- Indexes for table `user_events`
--
ALTER TABLE `user_events`
  ADD PRIMARY KEY (`user_id`,`event_id`),
  ADD KEY `event_id` (`event_id`) USING BTREE;

--
-- Indexes for table `user_notifications`
--
ALTER TABLE `user_notifications`
  ADD PRIMARY KEY (`user_id`,`notification_id`),
  ADD KEY `fk_un_notif` (`notification_id`);

--
-- Indexes for table `user_roles`
--
ALTER TABLE `user_roles`
  ADD PRIMARY KEY (`user_role_id`),
  ADD UNIQUE KEY `uniq_user_role_club` (`user_id`,`role_id`,`club_id`),
  ADD KEY `role_id` (`role_id`),
  ADD KEY `fk_clubs` (`club_id`),
  ADD KEY `idx_user_id` (`user_id`);

--
-- AUTO_INCREMENT for dumped tables
--

--
-- AUTO_INCREMENT for table `attendance_records`
--
ALTER TABLE `attendance_records`
  MODIFY `attendance_id` int NOT NULL AUTO_INCREMENT, AUTO_INCREMENT=708;

--
-- AUTO_INCREMENT for table `buildings`
--
ALTER TABLE `buildings`
  MODIFY `building_id` int NOT NULL AUTO_INCREMENT, AUTO_INCREMENT=6;

--
-- AUTO_INCREMENT for table `campus_opening_times`
--
ALTER TABLE `campus_opening_times`
  MODIFY `id` bigint UNSIGNED NOT NULL AUTO_INCREMENT, AUTO_INCREMENT=15;

--
-- AUTO_INCREMENT for table `clubs`
--
ALTER TABLE `clubs`
  MODIFY `club_id` int NOT NULL AUTO_INCREMENT, AUTO_INCREMENT=7;

--
-- AUTO_INCREMENT for table `events`
--
ALTER TABLE `events`
  MODIFY `event_id` int NOT NULL AUTO_INCREMENT, AUTO_INCREMENT=6;

--
-- AUTO_INCREMENT for table `exercise_classes`
--
ALTER TABLE `exercise_classes`
  MODIFY `id` bigint UNSIGNED NOT NULL AUTO_INCREMENT, AUTO_INCREMENT=19;

--
-- AUTO_INCREMENT for table `gym_opening_times`
--
ALTER TABLE `gym_opening_times`
  MODIFY `id` bigint UNSIGNED NOT NULL AUTO_INCREMENT, AUTO_INCREMENT=4;

--
-- AUTO_INCREMENT for table `roles`
--
ALTER TABLE `roles`
  MODIFY `role_id` int NOT NULL AUTO_INCREMENT, AUTO_INCREMENT=6;

--
-- AUTO_INCREMENT for table `rooms`
--
ALTER TABLE `rooms`
  MODIFY `room_id` int NOT NULL AUTO_INCREMENT;

--
-- AUTO_INCREMENT for table `transit_info`
--
ALTER TABLE `transit_info`
  MODIFY `transit_id` int NOT NULL AUTO_INCREMENT, AUTO_INCREMENT=12;

--
-- AUTO_INCREMENT for table `users`
--
ALTER TABLE `users`
  MODIFY `user_id` int NOT NULL AUTO_INCREMENT, AUTO_INCREMENT=26;

--
-- AUTO_INCREMENT for table `user_roles`
--
ALTER TABLE `user_roles`
  MODIFY `user_role_id` int NOT NULL AUTO_INCREMENT, AUTO_INCREMENT=66;

--
-- Constraints for dumped tables
--

--
-- Constraints for table `attendance_records`
--
ALTER TABLE `attendance_records`
  ADD CONSTRAINT `fk_attendance_user` FOREIGN KEY (`user_id`) REFERENCES `users` (`user_id`);

--
-- Constraints for table `events`
--
ALTER TABLE `events`
  ADD CONSTRAINT `fk_event_club` FOREIGN KEY (`associated_club`) REFERENCES `clubs` (`club_id`),
  ADD CONSTRAINT `fk_event_creator` FOREIGN KEY (`created_by`) REFERENCES `users` (`user_id`);

--
-- Constraints for table `notifications`
--
ALTER TABLE `notifications`
  ADD CONSTRAINT `fk_notif_sender` FOREIGN KEY (`sender_id`) REFERENCES `users` (`user_id`);

--
-- Constraints for table `rooms`
--
ALTER TABLE `rooms`
  ADD CONSTRAINT `fk_room_building` FOREIGN KEY (`building_id`) REFERENCES `buildings` (`building_id`);

--
-- Constraints for table `user_clubs`
--
ALTER TABLE `user_clubs`
  ADD CONSTRAINT `fk_uc_club` FOREIGN KEY (`club_id`) REFERENCES `clubs` (`club_id`),
  ADD CONSTRAINT `fk_uc_user` FOREIGN KEY (`user_id`) REFERENCES `users` (`user_id`);

--
-- Constraints for table `user_events`
--
ALTER TABLE `user_events`
  ADD CONSTRAINT `fk_user_events_event` FOREIGN KEY (`event_id`) REFERENCES `events` (`event_id`) ON DELETE CASCADE ON UPDATE CASCADE;

--
-- Constraints for table `user_notifications`
--
ALTER TABLE `user_notifications`
  ADD CONSTRAINT `fk_un_notif` FOREIGN KEY (`notification_id`) REFERENCES `notifications` (`notification_id`),
  ADD CONSTRAINT `fk_un_user` FOREIGN KEY (`user_id`) REFERENCES `users` (`user_id`);

--
-- Constraints for table `user_roles`
--
ALTER TABLE `user_roles`
  ADD CONSTRAINT `fk_clubs` FOREIGN KEY (`club_id`) REFERENCES `clubs` (`club_id`) ON DELETE CASCADE ON UPDATE CASCADE,
  ADD CONSTRAINT `user_roles_ibfk_1` FOREIGN KEY (`user_id`) REFERENCES `users` (`user_id`) ON DELETE CASCADE ON UPDATE CASCADE,
  ADD CONSTRAINT `user_roles_ibfk_2` FOREIGN KEY (`role_id`) REFERENCES `roles` (`role_id`) ON DELETE CASCADE ON UPDATE CASCADE;
COMMIT;

/*!40101 SET CHARACTER_SET_CLIENT=@OLD_CHARACTER_SET_CLIENT */;
/*!40101 SET CHARACTER_SET_RESULTS=@OLD_CHARACTER_SET_RESULTS */;
/*!40101 SET COLLATION_CONNECTION=@OLD_COLLATION_CONNECTION */;
